{
    "name": "root",
    "gauges": {
        "PlayerAgent.Policy.Entropy.mean": {
            "value": 0.1636352688074112,
            "min": 0.15893329679965973,
            "max": 2.0176613330841064,
            "count": 51
        },
        "PlayerAgent.Policy.Entropy.sum": {
            "value": 8205.9814453125,
            "min": 7941.5791015625,
            "max": 102852.3046875,
            "count": 51
        },
        "PlayerAgent.Step.mean": {
            "value": 2549968.0,
            "min": 49944.0,
            "max": 2549968.0,
            "count": 51
        },
        "PlayerAgent.Step.sum": {
            "value": 2549968.0,
            "min": 49944.0,
            "max": 2549968.0,
            "count": 51
        },
        "PlayerAgent.Policy.ExtrinsicValueEstimate.mean": {
            "value": 7.452634334564209,
            "min": 0.6194229125976562,
            "max": 7.906010627746582,
            "count": 51
        },
        "PlayerAgent.Policy.ExtrinsicValueEstimate.sum": {
            "value": 6081.349609375,
            "min": 498.63543701171875,
            "max": 6350.61181640625,
            "count": 51
        },
        "PlayerAgent.Environment.EpisodeLength.mean": {
            "value": 663.1081081081081,
            "min": 277.53333333333336,
            "max": 991.9230769230769,
            "count": 51
        },
        "PlayerAgent.Environment.EpisodeLength.sum": {
            "value": 49070.0,
            "min": 36516.0,
            "max": 57508.0,
            "count": 51
        },
        "PlayerAgent.Environment.CumulativeReward.mean": {
            "value": 60.343642853984704,
            "min": 23.097282909018837,
            "max": 80.16485859097347,
            "count": 51
        },
        "PlayerAgent.Environment.CumulativeReward.sum": {
            "value": 4586.116856902838,
            "min": 1301.366676338017,
            "max": 5067.300199896097,
            "count": 51
        },
        "PlayerAgent.Policy.ExtrinsicReward.mean": {
            "value": 60.343642853984704,
            "min": 23.097282909018837,
            "max": 80.16485859097347,
            "count": 51
        },
        "PlayerAgent.Policy.ExtrinsicReward.sum": {
            "value": 4586.116856902838,
            "min": 1301.366676338017,
            "max": 5067.300199896097,
            "count": 51
        },
        "PlayerAgent.Losses.PolicyLoss.mean": {
            "value": 0.023442363607076307,
            "min": 0.019909608118856947,
            "max": 0.027321578764046235,
            "count": 51
        },
        "PlayerAgent.Losses.PolicyLoss.sum": {
            "value": 0.11721181803538154,
            "min": 0.08269251800763111,
            "max": 0.13660789382023117,
            "count": 51
        },
        "PlayerAgent.Losses.ValueLoss.mean": {
            "value": 0.35047317941983536,
            "min": 0.10521717033433645,
            "max": 6.10702534119288,
            "count": 51
        },
        "PlayerAgent.Losses.ValueLoss.sum": {
            "value": 1.752365897099177,
            "min": 0.4208686813373458,
            "max": 30.5351267059644,
            "count": 51
        },
        "PlayerAgent.Policy.LearningRate.mean": {
            "value": 0.00022435054921649198,
            "min": 0.00022435054921649198,
            "max": 0.00029915595028135,
            "count": 51
        },
        "PlayerAgent.Policy.LearningRate.sum": {
            "value": 0.0011217527460824599,
            "min": 0.00090297267900914,
            "max": 0.0014886331837889399,
            "count": 51
        },
        "PlayerAgent.Policy.Epsilon.mean": {
            "value": 0.17478350800000003,
            "min": 0.17478350800000003,
            "max": 0.19971865000000003,
            "count": 51
        },
        "PlayerAgent.Policy.Epsilon.sum": {
            "value": 0.8739175400000002,
            "min": 0.7009908600000001,
            "max": 0.99621106,
            "count": 51
        },
        "PlayerAgent.Policy.Beta.mean": {
            "value": 0.0037416970491999995,
            "min": 0.0037416970491999995,
            "max": 0.004985960635,
            "count": 51
        },
        "PlayerAgent.Policy.Beta.sum": {
            "value": 0.018708485246,
            "min": 0.015059443914000003,
            "max": 0.024810931894,
            "count": 51
        },
        "PlayerAgent.IsTraining.mean": {
            "value": 1.0,
            "min": 1.0,
            "max": 1.0,
            "count": 51
        },
        "PlayerAgent.IsTraining.sum": {
            "value": 1.0,
            "min": 1.0,
            "max": 1.0,
            "count": 51
        }
    },
    "metadata": {
        "timer_format_version": "0.1.0",
        "start_time_seconds": "1653301787",
        "python_version": "3.10.1 (tags/v3.10.1:2cd268a, Dec  6 2021, 19:10:37) [MSC v.1929 64 bit (AMD64)]",
        "command_line_arguments": "C:\\Users\\Valentin\\AppData\\Local\\Programs\\Python\\Python310\\Scripts\\mlagents-learn conf.yaml --run-id=PlayerAgentAI",
        "mlagents_version": "0.28.0",
        "mlagents_envs_version": "0.28.0",
        "communication_protocol_version": "1.5.0",
        "pytorch_version": "1.11.0+cpu",
        "numpy_version": "1.22.3",
        "end_time_seconds": "1653304964"
    },
    "total": 3177.0109773000004,
    "count": 1,
    "self": 0.006243999989237636,
    "children": {
        "run_training.setup": {
            "total": 0.1092075000051409,
            "count": 1,
            "self": 0.1092075000051409
        },
        "TrainerController.start_learning": {
            "total": 3176.895525800006,
            "count": 1,
            "self": 1.227113401328097,
            "children": {
                "TrainerController._reset_env": {
                    "total": 31.00312280000071,
                    "count": 1,
                    "self": 31.00312280000071
                },
                "TrainerController.advance": {
                    "total": 3144.6117491986806,
                    "count": 73301,
                    "self": 1.1361314035602845,
                    "children": {
                        "env_step": {
                            "total": 2632.965212698022,
                            "count": 73301,
                            "self": 2535.2047133982996,
                            "children": {
                                "SubprocessEnvManager._take_step": {
                                    "total": 96.90519629945629,
                                    "count": 73301,
                                    "self": 5.549773797974922,
                                    "children": {
                                        "TorchPolicy.evaluate": {
                                            "total": 91.35542250148137,
                                            "count": 141860,
                                            "self": 22.217912399108172,
                                            "children": {
                                                "TorchPolicy.sample_actions": {
                                                    "total": 69.1375101023732,
                                                    "count": 141860,
                                                    "self": 69.1375101023732
                                                }
                                            }
                                        }
                                    }
                                },
                                "workers": {
                                    "total": 0.8553030002658488,
                                    "count": 73300,
                                    "self": 0.0,
                                    "children": {
                                        "worker_root": {
                                            "total": 3081.509270395618,
                                            "count": 73300,