{"count":1,"self":2011.8263808,"total":3085.9110352,"children":{"InitializeActuators":{"count":36,"self":0.0015003,"total":0.0015003,"children":null},"InitializeSensors":{"count":36,"self":0.0010000999999999999,"total":0.0010000999999999999,"children":null},"AgentSendState":{"count":1418601,"self":7.7200783999999993,"total":46.6700313,"children":{"CollectObservations":{"count":2553516,"self":15.201239999999999,"total":15.201239699999999,"children":null},"WriteActionMask":{"count":2553516,"self":1.7572176,"total":1.7572177,"children":null},"RequestDecision":{"count":2553516,"self":4.0896728,"total":21.991495099999998,"children":{"AgentInfo.ToProto":{"count":2553516,"self":4.0816216,"total":17.9018221,"children":{"GenerateSensorData":{"count":2553516,"self":13.8202,"total":13.820200499999999,"children":null}}}}}}},"DecideAction":{"count":1418601,"self":941.9928576,"total":941.992808,"children":null},"AgentAct":{"count":1418601,"self":85.3557376,"total":85.4187465,"children":{"AgentInfo.ToProto":{"count":4810,"self":0.024501099999999998,"total":0.0630057,"children":{"GenerateSensorData":{"count":4810,"self":0.0385046,"total":0.0385046,"children":null}}}}}},"gauges":{"PlayerAgent.CumulativeReward":{"count":4810,"max":117.807373,"min":-1.05833328,"runningAverage":42.179203,"value":104.907433,"weightedAverage":94.09515}},"metadata":{"timer_format_version":"0.1.0","start_time_seconds":"1653301817","unity_version":"2020.3.31f1","command_line_arguments":"C:\\Program Files\\Unity\\Hub\\Editor\\2020.3.31f1\\Editor\\Unity.exe -projectpath C:\/Users\/Valentin\/TFG -useHub -hubIPC -cloudEnvironment production -hubSessionId 2c856e20-d9b6-11ec-a740-efead99daded -accessToken PJAT3djn-tMJrQZl5PzlylmwiHjKUlIPmxP6nJs9PsI012f","communication_protocol_version":"1.5.0","com.unity.ml-agents_version":"2.0.1","scene_name":"Juego","end_time_seconds":"1653304903"}}